<?xml version="1.0" encoding="UTF-8" ?>
<!-- This is a WordPress eXtended RSS file generated by WordPress as an export of your site. -->
<!-- It contains information about your site's posts, pages, comments, categories, and other content. -->
<!-- You may use this file to transfer that content from one site to another. -->
<!-- This file is not intended to serve as a complete backup of your site. -->

<!-- To import this information into a WordPress site follow these steps: -->
<!-- 1. Log in to that site as an administrator. -->
<!-- 2. Go to Tools: Import in the WordPress admin panel. -->
<!-- 3. Install the "WordPress" importer from the list. -->
<!-- 4. Activate & Run Importer. -->
<!-- 5. Upload this file using the form provided on that page. -->
<!-- 6. You will first be asked to map the authors in this export file to users -->
<!--    on the site. For each author, you may choose to map to an -->
<!--    existing user on the site or to create a new user. -->
<!-- 7. WordPress will then import each of the posts, pages, comments, categories, etc. -->
<!--    contained in this file into your site. -->

<!-- generator="WordPress/3.9.1" created="2014-07-22 17:31" -->
<rss version="2.0"
	xmlns:excerpt="http://wordpress.org/export/1.2/excerpt/"
	xmlns:content="http://purl.org/rss/1.0/modules/content/"
	xmlns:wfw="http://wellformedweb.org/CommentAPI/"
	xmlns:dc="http://purl.org/dc/elements/1.1/"
	xmlns:wp="http://wordpress.org/export/1.2/"
>

<channel>
	<title>Wordpress</title>
	<link>http://localhost:8888/wordpress</link>
	<description>Just another WordPress site</description>
	<pubDate>Tue, 22 Jul 2014 17:31:07 +0000</pubDate>
	<language>en-US</language>
	<wp:wxr_version>1.2</wp:wxr_version>
	<wp:base_site_url>http://localhost:8888/wordpress</wp:base_site_url>
	<wp:base_blog_url>http://localhost:8888/wordpress</wp:base_blog_url>

	<wp:author><wp:author_id>1</wp:author_id><wp:author_login>admin</wp:author_login><wp:author_email>hugo.bessa@mktvirtual.com.br</wp:author_email><wp:author_display_name><![CDATA[admin]]></wp:author_display_name><wp:author_first_name><![CDATA[]]></wp:author_first_name><wp:author_last_name><![CDATA[]]></wp:author_last_name></wp:author>


	<generator>http://wordpress.org/?v=3.9.1</generator>

	<item>
				<title>Lorem ipsum dolor sit amet, consectetur adipisicing elit, sed do eiusmod</title>
		<link>http://localhost:8888/wordpress/?p=1</link>
		<pubDate>Fri, 04 Jul 2014 13:42:53 +0000</pubDate>
		<dc:creator><![CDATA[admin]]></dc:creator>
		<guid isPermaLink="false">http://localhost:8888/wordpress/?p=1</guid>
		<description></description>
		<content:encoded><![CDATA[Lorem ipsum dolor sit amet, consectetur adipisicing elit, sed do eiusmod tempor incididunt ut labore et dolore magna aliqua. Ut enim ad minim veniam, quis nostrud exercitation ullamco laboris nisi ut aliquip ex ea commodo consequat. Duis aute irure dolor in reprehenderit in voluptate velit esse cillum dolore eu fugiat nulla pariatur. Excepteur sint occaecat cupidatat non proident, sunt in culpa qui officia deserunt mollit anim id est laborum.

Lorem ipsum dolor sit amet, consectetur adipisicing elit, sed do eiusmod tempor incididunt ut labore et dolore magna aliqua. Ut enim ad minim veniam, quis nostrud exercitation ullamco laboris nisi ut aliquip ex ea commodo consequat. Duis aute irure dolor in reprehenderit in voluptate velit esse cillum dolore eu fugiat nulla pariatur. Excepteur sint occaecat cupidatat non proident, sunt in culpa qui officia deserunt mollit anim id est laborum.]]></content:encoded>
		<excerpt:encoded><![CDATA[]]></excerpt:encoded>
		<wp:post_id>1</wp:post_id>
		<wp:post_date>2014-07-04 13:42:53</wp:post_date>
		<wp:post_date_gmt>2014-07-04 13:42:53</wp:post_date_gmt>
		<wp:comment_status>open</wp:comment_status>
		<wp:ping_status>open</wp:ping_status>
		<wp:post_name>hello-world</wp:post_name>
		<wp:status>publish</wp:status>
		<wp:post_parent>0</wp:post_parent>
		<wp:menu_order>0</wp:menu_order>
		<wp:post_type>post</wp:post_type>
		<wp:post_password></wp:post_password>
		<wp:is_sticky>0</wp:is_sticky>
		<category domain="category" nicename="destaques"><![CDATA[Destaques]]></category>
		<category domain="category" nicename="lorem"><![CDATA[Lorem]]></category>
		<wp:postmeta>
			<wp:meta_key>_edit_last</wp:meta_key>
			<wp:meta_value><![CDATA[1]]></wp:meta_value>
		</wp:postmeta>
		<wp:comment>
			<wp:comment_id>1</wp:comment_id>
			<wp:comment_author><![CDATA[Mr WordPress]]></wp:comment_author>
			<wp:comment_author_email></wp:comment_author_email>
			<wp:comment_author_url>https://wordpress.org/</wp:comment_author_url>
			<wp:comment_author_IP></wp:comment_author_IP>
			<wp:comment_date>2014-07-04 13:42:53</wp:comment_date>
			<wp:comment_date_gmt>2014-07-04 13:42:53</wp:comment_date_gmt>
			<wp:comment_content><![CDATA[Hi, this is a comment.
To delete a comment, just log in and view the post&#039;s comments. There you will have the option to edit or delete them.]]></wp:comment_content>
			<wp:comment_approved>1</wp:comment_approved>
			<wp:comment_type></wp:comment_type>
			<wp:comment_parent>0</wp:comment_parent>
			<wp:comment_user_id>0</wp:comment_user_id>
		</wp:comment>
	</item>
	<item>
				<title>Lorem ipsum dolor sit amet, consectetur</title>
		<link>http://localhost:8888/wordpress/?p=9</link>
		<pubDate>Tue, 22 Jul 2014 17:27:41 +0000</pubDate>
		<dc:creator><![CDATA[admin]]></dc:creator>
		<guid isPermaLink="false">http://localhost:8888/wordpress/?p=9</guid>
		<description></description>
		<content:encoded><![CDATA[Lorem ipsum dolor sit amet, consectetur adipisicing elit, sed do eiusmodLorem ipsum dolor sit amet, consectetur adipisicing elit, sed do eiusmodLorem ipsum dolor sit amet, consectetur adipisicing elit, sed do eiusmodLorem ipsum dolor sit amet, consectetur adipisicing elit, sed do eiusmodLorem ipsum dolor sit amet, consectetur adipisicing elit, sed do eiusmodLorem ipsum dolor sit amet, consectetur adipisicing elit, sed do eiusmodLorem ipsum dolor sit amet, consectetur adipisicing elit, sed do eiusmodLorem ipsum dolor sit amet, consectetur adipisicing elit, sed do eiusmodLorem ipsum dolor sit amet, consectetur adipisicing elit, sed do eiusmodLorem ipsum dolor sit amet, consectetur adipisicing elit, sed do eiusmodLorem ipsum dolor sit amet, consectetur adipisicing elit, sed do eiusmod

&nbsp;

Lorem ipsum dolor sit amet, consectetur adipisicing elit, sed do eiusmodLorem ipsum dolor sit amet, consectetur adipisicing elit, sed do eiusmodLorem ipsum dolor sit amet, consectetur adipisicing elit, sed do eiusmodLorem ipsum dolor sit amet, consectetur adipisicing elit, sed do eiusmodLorem ipsum dolor sit amet, consectetur adipisicing elit, sed do eiusmodLorem ipsum dolor sit amet, consectetur adipisicing elit, sed do eiusmodLorem ipsum dolor sit amet, consectetur adipisicing elit, sed do eiusmod]]></content:encoded>
		<excerpt:encoded><![CDATA[]]></excerpt:encoded>
		<wp:post_id>9</wp:post_id>
		<wp:post_date>2014-07-22 17:27:41</wp:post_date>
		<wp:post_date_gmt>2014-07-22 17:27:41</wp:post_date_gmt>
		<wp:comment_status>open</wp:comment_status>
		<wp:ping_status>open</wp:ping_status>
		<wp:post_name>lorem-ipsum-dolor-sit-amet-consectetur</wp:post_name>
		<wp:status>trash</wp:status>
		<wp:post_parent>0</wp:post_parent>
		<wp:menu_order>0</wp:menu_order>
		<wp:post_type>post</wp:post_type>
		<wp:post_password></wp:post_password>
		<wp:is_sticky>0</wp:is_sticky>
		<category domain="category" nicename="lorem"><![CDATA[Lorem]]></category>
		<wp:postmeta>
			<wp:meta_key>_edit_last</wp:meta_key>
			<wp:meta_value><![CDATA[1]]></wp:meta_value>
		</wp:postmeta>
		<wp:postmeta>
			<wp:meta_key>_wp_trash_meta_status</wp:meta_key>
			<wp:meta_value><![CDATA[publish]]></wp:meta_value>
		</wp:postmeta>
		<wp:postmeta>
			<wp:meta_key>_wp_trash_meta_time</wp:meta_key>
			<wp:meta_value><![CDATA[1406050229]]></wp:meta_value>
		</wp:postmeta>
	</item>
	<item>
				<title>Lorem ipsum dolor sit amet, consectetur adipisicing elit</title>
		<link>http://localhost:8888/wordpress/?p=11</link>
		<pubDate>Tue, 22 Jul 2014 17:27:59 +0000</pubDate>
		<dc:creator><![CDATA[admin]]></dc:creator>
		<guid isPermaLink="false">http://localhost:8888/wordpress/?p=11</guid>
		<description></description>
		<content:encoded><![CDATA[Lorem ipsum dolor sit amet, consectetur adipisicing elit, sed do eiusmodLorem ipsum dolor sit amet, consectetur adipisicing elit, sed do eiusmodLorem ipsum dolor sit amet, consectetur adipisicing elit, sed do eiusmodLorem ipsum dolor sit amet, consectetur adipisicing elit, sed do eiusmodLorem ipsum dolor sit amet, consectetur adipisicing elit, sed do eiusmodLorem ipsum dolor sit amet, consectetur adipisicing elit, sed do eiusmodLorem ipsum dolor sit amet, consectetur adipisicing elit, sed do eiusmodLorem ipsum dolor sit amet, consectetur adipisicing elit, sed do eiusmodLorem ipsum dolor sit amet, consectetur adipisicing elit, sed do eiusmodLorem ipsum dolor sit amet, consectetur adipisicing elit, sed do eiusmodLorem ipsum dolor sit amet, consectetur adipisicing elit, sed do eiusmodLorem ipsum dolor sit amet, consectetur adipisicing elit, sed do eiusmodLorem ipsum dolor sit amet, consectetur adipisicing elit, sed do eiusmodLorem ipsum dolor sit amet, consectetur adipisicing elit, sed do eiusmod

Lorem ipsum dolor sit amet, consectetur adipisicing elit, sed do eiusmodLorem ipsum dolor sit amet, consectetur adipisicing elit, sed do eiusmodLorem ipsum dolor sit amet, consectetur adipisicing elit, sed do eiusmodLorem ipsum dolor sit amet, consectetur adipisicing elit, sed do eiusmodLorem ipsum dolor sit amet, consectetur adipisicing elit, sed do eiusmodLorem ipsum dolor sit amet, consectetur adipisicing elit, sed do eiusmodLorem ipsum dolor sit amet, consectetur adipisicing elit, sed do eiusmod]]></content:encoded>
		<excerpt:encoded><![CDATA[]]></excerpt:encoded>
		<wp:post_id>11</wp:post_id>
		<wp:post_date>2014-07-22 17:27:59</wp:post_date>
		<wp:post_date_gmt>2014-07-22 17:27:59</wp:post_date_gmt>
		<wp:comment_status>open</wp:comment_status>
		<wp:ping_status>open</wp:ping_status>
		<wp:post_name>lorem-ipsum-dolor-sit-amet-consectetur-adipisicing-elit</wp:post_name>
		<wp:status>publish</wp:status>
		<wp:post_parent>0</wp:post_parent>
		<wp:menu_order>0</wp:menu_order>
		<wp:post_type>post</wp:post_type>
		<wp:post_password></wp:post_password>
		<wp:is_sticky>0</wp:is_sticky>
		<category domain="category" nicename="destaques"><![CDATA[Destaques]]></category>
		<category domain="category" nicename="lorem"><![CDATA[Lorem]]></category>
		<wp:postmeta>
			<wp:meta_key>_edit_last</wp:meta_key>
			<wp:meta_value><![CDATA[1]]></wp:meta_value>
		</wp:postmeta>
	</item>
	<item>
				<title>Lorem ipsum dolor sit amet, consectetur adipisicing elit, sed do eiusmod</title>
		<link>http://localhost:8888/wordpress/?p=13</link>
		<pubDate>Tue, 22 Jul 2014 17:28:30 +0000</pubDate>
		<dc:creator><![CDATA[admin]]></dc:creator>
		<guid isPermaLink="false">http://localhost:8888/wordpress/?p=13</guid>
		<description></description>
		<content:encoded><![CDATA[Lorem ipsum dolor sit amet, consectetur adipisicing elit, sed do eiusmodLorem ipsum dolor sit amet, consectetur adipisicing elit, sed do eiusmodLorem ipsum dolor sit amet, consectetur adipisicing elit, sed do eiusmodLorem ipsum dolor sit amet, consectetur adipisicing elit, sed do eiusmodLorem ipsum dolor sit amet, consectetur adipisicing elit, sed do eiusmodLorem ipsum dolor sit amet, consectetur adipisicing elit, sed do eiusmodLorem ipsum dolor sit amet, consectetur adipisicing elit, sed do eiusmodLorem ipsum dolor sit amet, consectetur adipisicing elit, sed do eiusmodLorem ipsum dolor sit amet, consectetur adipisicing elit, sed do eiusmodLorem ipsum dolor sit amet, consectetur adipisicing elit, sed do eiusmodLorem ipsum dolor sit amet, consectetur adipisicing elit, sed do eiusmodLorem ipsum dolor sit amet, consectetur adipisicing elit, sed do eiusmodLorem ipsum dolor sit amet, consectetur adipisicing elit, sed do eiusmodLorem ipsum dolor sit amet, consectetur adipisicing elit, sed do eiusmod

Lorem ipsum dolor sit amet, consectetur adipisicing elit, sed do eiusmodLorem ipsum dolor sit amet, consectetur adipisicing elit, sed do eiusmodLorem ipsum dolor sit amet, consectetur adipisicing elit, sed do eiusmodLorem ipsum dolor sit amet, consectetur adipisicing elit, sed do eiusmodLorem ipsum dolor sit amet, consectetur adipisicing elit, sed do eiusmodLorem ipsum dolor sit amet, consectetur adipisicing elit, sed do eiusmodLorem ipsum dolor sit amet, consectetur adipisicing elit, sed do eiusmodLorem ipsum dolor sit amet, consectetur adipisicing elit, sed do eiusmodLorem ipsum dolor sit amet, consectetur adipisicing elit, sed do eiusmodLorem ipsum dolor sit amet, consectetur adipisicing elit, sed do eiusmod]]></content:encoded>
		<excerpt:encoded><![CDATA[]]></excerpt:encoded>
		<wp:post_id>13</wp:post_id>
		<wp:post_date>2014-07-22 17:28:30</wp:post_date>
		<wp:post_date_gmt>2014-07-22 17:28:30</wp:post_date_gmt>
		<wp:comment_status>open</wp:comment_status>
		<wp:ping_status>open</wp:ping_status>
		<wp:post_name>lorem-ipsum-dolor-sit-amet-consectetur-adipisicing-elit-sed-do-eiusmod</wp:post_name>
		<wp:status>publish</wp:status>
		<wp:post_parent>0</wp:post_parent>
		<wp:menu_order>0</wp:menu_order>
		<wp:post_type>post</wp:post_type>
		<wp:post_password></wp:post_password>
		<wp:is_sticky>0</wp:is_sticky>
		<category domain="category" nicename="destaques"><![CDATA[Destaques]]></category>
		<category domain="category" nicename="lorem"><![CDATA[Lorem]]></category>
		<wp:postmeta>
			<wp:meta_key>_edit_last</wp:meta_key>
			<wp:meta_value><![CDATA[1]]></wp:meta_value>
		</wp:postmeta>
	</item>
	<item>
				<title>Consectetur adipisicing elit, sed do eiusmod</title>
		<link>http://localhost:8888/wordpress/?p=15</link>
		<pubDate>Tue, 22 Jul 2014 17:29:01 +0000</pubDate>
		<dc:creator><![CDATA[admin]]></dc:creator>
		<guid isPermaLink="false">http://localhost:8888/wordpress/?p=15</guid>
		<description></description>
		<content:encoded><![CDATA[Lorem ipsum dolor sit amet, consectetur adipisicing elit, sed do eiusmodLorem ipsum dolor sit amet, consectetur adipisicing elit, sed do eiusmodLorem ipsum dolor sit amet, consectetur adipisicing elit, sed do eiusmodLorem ipsum dolor sit amet, consectetur adipisicing elit, sed do eiusmodLorem ipsum dolor sit amet, consectetur adipisicing elit, sed do eiusmodLorem ipsum dolor sit amet, consectetur adipisicing elit, sed do eiusmodLorem ipsum dolor sit amet, consectetur adipisicing elit, sed do eiusmodLorem ipsum dolor sit amet, consectetur adipisicing elit, sed do eiusmodLorem ipsum dolor sit amet, consectetur adipisicing elit, sed do eiusmodLorem ipsum dolor sit amet, consectetur adipisicing elit, sed do eiusmod

Lorem ipsum dolor sit amet, consectetur adipisicing elit, sed do eiusmodLorem ipsum dolor sit amet, consectetur adipisicing elit, sed do eiusmodLorem ipsum dolor sit amet, consectetur adipisicing elit, sed do eiusmodLorem ipsum dolor sit amet, consectetur adipisicing elit, sed do eiusmodLorem ipsum dolor sit amet, consectetur adipisicing elit, sed do eiusmodLorem ipsum dolor sit amet, consectetur adipisicing elit, sed do eiusmodLorem ipsum dolor sit amet, consectetur adipisicing elit, sed do eiusmodLorem ipsum dolor sit amet, consectetur adipisicing elit, sed do eiusmod]]></content:encoded>
		<excerpt:encoded><![CDATA[]]></excerpt:encoded>
		<wp:post_id>15</wp:post_id>
		<wp:post_date>2014-07-22 17:29:01</wp:post_date>
		<wp:post_date_gmt>2014-07-22 17:29:01</wp:post_date_gmt>
		<wp:comment_status>open</wp:comment_status>
		<wp:ping_status>open</wp:ping_status>
		<wp:post_name>consectetur-adipisicing-elit-sed-do-eiusmod</wp:post_name>
		<wp:status>publish</wp:status>
		<wp:post_parent>0</wp:post_parent>
		<wp:menu_order>0</wp:menu_order>
		<wp:post_type>post</wp:post_type>
		<wp:post_password></wp:post_password>
		<wp:is_sticky>0</wp:is_sticky>
		<category domain="category" nicename="destaques"><![CDATA[Destaques]]></category>
		<category domain="category" nicename="ipsum"><![CDATA[Ipsum]]></category>
		<wp:postmeta>
			<wp:meta_key>_edit_last</wp:meta_key>
			<wp:meta_value><![CDATA[1]]></wp:meta_value>
		</wp:postmeta>
	</item>
	<item>
				<title>Lorem ipsum dolor sit amet, consectetur adipisicing elit, sed do eiusmod</title>
		<link>http://localhost:8888/wordpress/?p=17</link>
		<pubDate>Tue, 22 Jul 2014 17:29:25 +0000</pubDate>
		<dc:creator><![CDATA[admin]]></dc:creator>
		<guid isPermaLink="false">http://localhost:8888/wordpress/?p=17</guid>
		<description></description>
		<content:encoded><![CDATA[Lorem ipsum dolor sit amet, consectetur adipisicing elit, sed do eiusmodLorem ipsum dolor sit amet, consectetur adipisicing elit, sed do eiusmodLorem ipsum dolor sit amet, consectetur adipisicing elit, sed do eiusmodLorem ipsum dolor sit amet, consectetur adipisicing elit, sed do eiusmodLorem ipsum dolor sit amet, consectetur adipisicing elit, sed do eiusmodLorem ipsum dolor sit amet, consectetur adipisicing elit, sed do eiusmodLorem ipsum dolor sit amet, consectetur adipisicing elit, sed do eiusmodLorem ipsum dolor sit amet, consectetur adipisicing elit, sed do eiusmod

Lorem ipsum dolor sit amet, consectetur adipisicing elit, sed do eiusmodLorem ipsum dolor sit amet, consectetur adipisicing elit, sed do eiusmodLorem ipsum dolor sit amet, consectetur adipisicing elit, sed do eiusmodLorem ipsum dolor sit amet, consectetur adipisicing elit, sed do eiusmodLorem ipsum dolor sit amet, consectetur adipisicing elit, sed do eiusmodLorem ipsum dolor sit amet, consectetur adipisicing elit, sed do eiusmodLorem ipsum dolor sit amet, consectetur adipisicing elit, sed do eiusmodLorem ipsum dolor sit amet, consectetur adipisicing elit, sed do eiusmod]]></content:encoded>
		<excerpt:encoded><![CDATA[]]></excerpt:encoded>
		<wp:post_id>17</wp:post_id>
		<wp:post_date>2014-07-22 17:29:25</wp:post_date>
		<wp:post_date_gmt>2014-07-22 17:29:25</wp:post_date_gmt>
		<wp:comment_status>open</wp:comment_status>
		<wp:ping_status>open</wp:ping_status>
		<wp:post_name>lorem-ipsum-dolor-sit-amet-consectetur-adipisicing-elit-sed-do-eiusmod-2</wp:post_name>
		<wp:status>publish</wp:status>
		<wp:post_parent>0</wp:post_parent>
		<wp:menu_order>0</wp:menu_order>
		<wp:post_type>post</wp:post_type>
		<wp:post_password></wp:post_password>
		<wp:is_sticky>0</wp:is_sticky>
		<category domain="category" nicename="destaques"><![CDATA[Destaques]]></category>
		<category domain="category" nicename="lorem"><![CDATA[Lorem]]></category>
		<wp:postmeta>
			<wp:meta_key>_edit_last</wp:meta_key>
			<wp:meta_value><![CDATA[1]]></wp:meta_value>
		</wp:postmeta>
	</item>
	<item>
				<title>Lorem ipsum dolor sit amet, consectetur adipisicing elit, sed do eiusmod</title>
		<link>http://localhost:8888/wordpress/?p=19</link>
		<pubDate>Tue, 22 Jul 2014 17:29:39 +0000</pubDate>
		<dc:creator><![CDATA[admin]]></dc:creator>
		<guid isPermaLink="false">http://localhost:8888/wordpress/?p=19</guid>
		<description></description>
		<content:encoded><![CDATA[Lorem ipsum dolor sit amet, consectetur adipisicing elit, sed do eiusmodLorem ipsum dolor sit amet, consectetur adipisicing elit, sed do eiusmodLorem ipsum dolor sit amet, consectetur adipisicing elit, sed do eiusmodLorem ipsum dolor sit amet, consectetur adipisicing elit, sed do eiusmodLorem ipsum dolor sit amet, consectetur adipisicing elit, sed do eiusmodLorem ipsum dolor sit amet, consectetur adipisicing elit, sed do eiusmodLorem ipsum dolor sit amet, consectetur adipisicing elit, sed do eiusmod

Lorem ipsum dolor sit amet, consectetur adipisicing elit, sed do eiusmodLorem ipsum dolor sit amet, consectetur adipisicing elit, sed do eiusmodLorem ipsum dolor sit amet, consectetur adipisicing elit, sed do eiusmodLorem ipsum dolor sit amet, consectetur adipisicing elit, sed do eiusmodLorem ipsum dolor sit amet, consectetur adipisicing elit, sed do eiusmodLorem ipsum dolor sit amet, consectetur adipisicing elit, sed do eiusmodLorem ipsum dolor sit amet, consectetur adipisicing elit, sed do eiusmodLorem ipsum dolor sit amet, consectetur adipisicing elit, sed do eiusmod]]></content:encoded>
		<excerpt:encoded><![CDATA[]]></excerpt:encoded>
		<wp:post_id>19</wp:post_id>
		<wp:post_date>2014-07-22 17:29:39</wp:post_date>
		<wp:post_date_gmt>2014-07-22 17:29:39</wp:post_date_gmt>
		<wp:comment_status>open</wp:comment_status>
		<wp:ping_status>open</wp:ping_status>
		<wp:post_name>lorem-ipsum-dolor-sit-amet-consectetur-adipisicing-elit-sed-do-eiusmod-3</wp:post_name>
		<wp:status>publish</wp:status>
		<wp:post_parent>0</wp:post_parent>
		<wp:menu_order>0</wp:menu_order>
		<wp:post_type>post</wp:post_type>
		<wp:post_password></wp:post_password>
		<wp:is_sticky>0</wp:is_sticky>
		<category domain="category" nicename="ipsum"><![CDATA[Ipsum]]></category>
		<wp:postmeta>
			<wp:meta_key>_edit_last</wp:meta_key>
			<wp:meta_value><![CDATA[1]]></wp:meta_value>
		</wp:postmeta>
	</item>
	<item>
				<title>Lorem ipsum dolor sit amet, consectetur adipisicing elit, sed do eiusmod</title>
		<link>http://localhost:8888/wordpress/?p=21</link>
		<pubDate>Tue, 22 Jul 2014 17:29:52 +0000</pubDate>
		<dc:creator><![CDATA[admin]]></dc:creator>
		<guid isPermaLink="false">http://localhost:8888/wordpress/?p=21</guid>
		<description></description>
		<content:encoded><![CDATA[Lorem ipsum dolor sit amet, consectetur adipisicing elit, sed do eiusmodLorem ipsum dolor sit amet, consectetur adipisicing elit, sed do eiusmodLorem ipsum dolor sit amet, consectetur adipisicing elit, sed do eiusmodLorem ipsum dolor sit amet, consectetur adipisicing elit, sed do eiusmodLorem ipsum dolor sit amet, consectetur adipisicing elit, sed do eiusmodLorem ipsum dolor sit amet, consectetur adipisicing elit, sed do eiusmodLorem ipsum dolor sit amet, consectetur adipisicing elit, sed do eiusmod

Lorem ipsum dolor sit amet, consectetur adipisicing elit, sed do eiusmodLorem ipsum dolor sit amet, consectetur adipisicing elit, sed do eiusmodLorem ipsum dolor sit amet, consectetur adipisicing elit, sed do eiusmodLorem ipsum dolor sit amet, consectetur adipisicing elit, sed do eiusmodLorem ipsum dolor sit amet, consectetur adipisicing elit, sed do eiusmodLorem ipsum dolor sit amet, consectetur adipisicing elit, sed do eiusmod]]></content:encoded>
		<excerpt:encoded><![CDATA[]]></excerpt:encoded>
		<wp:post_id>21</wp:post_id>
		<wp:post_date>2014-07-22 17:29:52</wp:post_date>
		<wp:post_date_gmt>2014-07-22 17:29:52</wp:post_date_gmt>
		<wp:comment_status>open</wp:comment_status>
		<wp:ping_status>open</wp:ping_status>
		<wp:post_name>lorem-ipsum-dolor-sit-amet-consectetur-adipisicing-elit-sed-do-eiusmod-4</wp:post_name>
		<wp:status>publish</wp:status>
		<wp:post_parent>0</wp:post_parent>
		<wp:menu_order>0</wp:menu_order>
		<wp:post_type>post</wp:post_type>
		<wp:post_password></wp:post_password>
		<wp:is_sticky>0</wp:is_sticky>
		<category domain="category" nicename="destaques"><![CDATA[Destaques]]></category>
		<category domain="category" nicename="ipsum"><![CDATA[Ipsum]]></category>
		<wp:postmeta>
			<wp:meta_key>_edit_last</wp:meta_key>
			<wp:meta_value><![CDATA[1]]></wp:meta_value>
		</wp:postmeta>
	</item>
	<item>
				<title>Lorem ipsum dolor sit amet, consectetur adipisicing elit, sed do eiusmod</title>
		<link>http://localhost:8888/wordpress/?p=23</link>
		<pubDate>Tue, 22 Jul 2014 17:30:16 +0000</pubDate>
		<dc:creator><![CDATA[admin]]></dc:creator>
		<guid isPermaLink="false">http://localhost:8888/wordpress/?p=23</guid>
		<description></description>
		<content:encoded><![CDATA[Lorem ipsum dolor sit amet, consectetur adipisicing elit, sed do eiusmodLorem ipsum dolor sit amet, consectetur adipisicing elit, sed do eiusmodLorem ipsum dolor sit amet, consectetur adipisicing elit, sed do eiusmodLorem ipsum dolor sit amet, consectetur adipisicing elit, sed do eiusmodLorem ipsum dolor sit amet, consectetur adipisicing elit, sed do eiusmodLorem ipsum dolor sit amet, consectetur adipisicing elit, sed do eiusmod

Lorem ipsum dolor sit amet, consectetur adipisicing elit, sed do eiusmodLorem ipsum dolor sit amet, consectetur adipisicing elit, sed do eiusmodLorem ipsum dolor sit amet, consectetur adipisicing elit, sed do eiusmodLorem ipsum dolor sit amet, consectetur adipisicing elit, sed do eiusmodLorem ipsum dolor sit amet, consectetur adipisicing elit, sed do eiusmodLorem ipsum dolor sit amet, consectetur adipisicing elit, sed do eiusmod]]></content:encoded>
		<excerpt:encoded><![CDATA[]]></excerpt:encoded>
		<wp:post_id>23</wp:post_id>
		<wp:post_date>2014-07-22 17:30:16</wp:post_date>
		<wp:post_date_gmt>2014-07-22 17:30:16</wp:post_date_gmt>
		<wp:comment_status>open</wp:comment_status>
		<wp:ping_status>open</wp:ping_status>
		<wp:post_name>lorem-ipsum-dolor-sit-amet-consectetur-adipisicing-elit-sed-do-eiusmod-5</wp:post_name>
		<wp:status>publish</wp:status>
		<wp:post_parent>0</wp:post_parent>
		<wp:menu_order>0</wp:menu_order>
		<wp:post_type>post</wp:post_type>
		<wp:post_password></wp:post_password>
		<wp:is_sticky>0</wp:is_sticky>
		<category domain="category" nicename="ipsum"><![CDATA[Ipsum]]></category>
		<wp:postmeta>
			<wp:meta_key>_edit_last</wp:meta_key>
			<wp:meta_value><![CDATA[1]]></wp:meta_value>
		</wp:postmeta>
	</item>
</channel>
</rss>
