<?xml version="1.0" encoding="UTF-8"?>
<project-private xmlns="http://www.netbeans.org/ns/project-private/1">
    <editor-bookmarks xmlns="http://www.netbeans.org/ns/editor-bookmarks/2" lastBookmarkId="0"/>
    <open-files xmlns="http://www.netbeans.org/ns/projectui-open-files/2">
        <group>
            <file>file:/D:/USBWebserver%20v8.5/8.5/root/IngridBlog2.6.4/app/Controller/ContatosController.php</file>
            <file>file:/D:/USBWebserver%20v8.5/8.5/root/IngridBlog2.6.4/app/View/Elements/contato.ctp</file>
            <file>file:/D:/USBWebserver%20v8.5/8.5/root/IngridBlog2.6.4/app/View/Elements/esqueleto.ctp</file>
            <file>file:/D:/USBWebserver%20v8.5/8.5/root/IngridBlog2.6.4/app/View/Elements/alerta.ctp</file>
        </group>
    </open-files>
</project-private>
